#MUT	CHR	POS	Ref	Alt
chr10:114925408:T:C	chr10	114925408	T	C
chr10:51568378:T:G	chr10	51568378	T	G
chr10:70332672:T:A	chr10	70332672	T	A
chr10:70332862:C:T	chr10	70332862	C	T
chr10:70405539:A:G	chr10	70405539	A	G
chr10:70405541:A:G	chr10	70405541	A	G
chr10:70405855:A:G	chr10	70405855	A	G
chr10:73434888:G:C	chr10	73434888	G	C
chr10:73492079:A:G	chr10	73492079	A	G
chr10:73501556:G:A	chr10	73501556	G	A
chr10:73550969:G:A	chr10	73550969	G	A
chr10:73558128:G:A	chr10	73558128	G	A
chr10:73558886:G:A	chr10	73558886	G	A
chr10:73558952:C:T	chr10	73558952	C	T
chr10:88635779:C:A	chr10	88635779	C	A
chr11:108175462:G:A	chr11	108175462	G	A
chr11:125525195:A:G	chr11	125525195	A	G
chr11:64572018:T:C	chr11	64572018	T	C
chr12:111884608:T:C	chr12	111884608	T	C
chr12:12871099:T:G	chr12	12871099	T	G
chr12:132549300:A:G	chr12	132549300	A	G
chr12:132562126:G:A	chr12	132562126	G	A
chr12:133220526:T:C	chr12	133220526	T	C
chr12:133257837:C:A	chr12	133257837	C	A
chr12:49427108:G:A	chr12	49427108	G	A
chr12:6711147:C:A	chr12	6711147	C	A
chr13:103527849:G:C	chr13	103527849	G	C
chr13:103527930:G:C	chr13	103527930	G	C
chr13:110435231:C:T	chr13	110435231	C	T
chr13:28611382:T:G	chr13	28611382	T	G
chr13:28674628:T:C	chr13	28674628	T	C
chr13:32929387:T:C	chr13	32929387	T	C
chr14:102568367:T:A	chr14	102568367	T	A
chr14:103342049:T:C	chr14	103342049	T	C
chr14:23777374:A:G	chr14	23777374	A	G
chr14:38061742:C:T	chr14	38061742	C	T
chr14:51206145:A:T	chr14	51206145	A	T
chr14:51223789:C:T	chr14	51223789	C	T
chr14:51224374:T:G	chr14	51224374	T	G
chr14:75513883:T:C	chr14	75513883	T	C
chr14:81575005:C:A	chr14	81575005	C	A
chr14:81610583:G:C	chr14	81610583	G	C
chr15:39880822:A:G	chr15	39880822	A	G
chr15:40477831:G:A	chr15	40477831	G	A
chr15:40898643:G:C	chr15	40898643	G	C
chr15:40913840:G:T	chr15	40913840	G	T
chr15:40915190:A:G	chr15	40915190	A	G
chr15:40916237:A:G	chr15	40916237	A	G
chr15:74336633:T:C	chr15	74336633	T	C
chr16:11348706:C:G	chr16	11348706	C	G
chr16:14029033:G:A	chr16	14029033	G	A
chr16:81208515:G:A	chr16	81208515	G	A
chr16:81211496:C:A	chr16	81211496	C	A
chr16:81213378:A:G	chr16	81213378	A	G
chr16:81219187:C:T	chr16	81219187	C	T
chr16:81232275:G:A	chr16	81232275	G	A
chr16:81232564:T:G	chr16	81232564	T	G
chr16:81242194:T:C	chr16	81242194	T	C
chr16:81249927:C:T	chr16	81249927	C	T
chr16:81249954:T:A	chr16	81249954	T	A
chr16:81253759:A:G	chr16	81253759	A	G
chr16:81253917:A:G	chr16	81253917	A	G
chr16:81819676:A:T	chr16	81819676	A	T
chr16:81942028:C:G	chr16	81942028	C	G
chr16:89836323:C:T	chr16	89836323	C	T
chr16:89849480:C:T	chr16	89849480	C	T
chr16:89866043:T:C	chr16	89866043	T	C
chr17:11523082:A:G	chr17	11523082	A	G
chr17:11651057:A:G	chr17	11651057	A	G
chr17:11835331:G:A	chr17	11835331	G	A
chr17:11865462:G:A	chr17	11865462	G	A
chr17:17942909:G:C	chr17	17942909	G	C
chr17:17942915:A:C	chr17	17942915	A	C
chr17:17942920:G:C	chr17	17942920	G	C
chr17:33433487:C:T	chr17	33433487	C	T
chr17:37855834:C:A	chr17	37855834	C	A
chr17:37884037:C:G	chr17	37884037	C	G
chr17:41223094:T:C	chr17	41223094	T	C
chr17:41244000:T:C	chr17	41244000	T	C
chr17:41244435:T:C	chr17	41244435	T	C
chr17:41244936:G:A	chr17	41244936	G	A
chr17:48265495:T:C	chr17	48265495	T	C
chr17:56438301:G:A	chr17	56438301	G	A
chr17:59763347:A:G	chr17	59763347	A	G
chr17:75401190:G:A	chr17	75401190	G	A
chr17:75494705:A:G	chr17	75494705	A	G
chr17:7579472:G:C	chr17	7579472	G	C
chr17:76219591:G:A	chr17	76219591	G	A
chr17:78272230:C:G	chr17	78272230	C	G
chr17:78293189:A:T	chr17	78293189	A	T
chr17:78298938:A:G	chr17	78298938	A	G
chr17:78357600:A:G	chr17	78357600	A	G
chr17:79954544:T:A	chr17	79954544	T	A
chr17:8046772:C:G	chr17	8046772	C	G
chr17:8108331:A:G	chr17	8108331	A	G
chr18:42456653:G:A	chr18	42456653	G	A
chr18:42529996:G:C	chr18	42529996	G	C
chr18:49867224:T:C	chr18	49867224	T	C
chr18:59174759:C:A	chr18	59174759	C	A
chr19:18273047:T:C	chr19	18273047	T	C
chr19:2226676:G:A	chr19	2226676	G	A
chr19:2226772:G:C	chr19	2226772	G	C
chr19:36224705:A:G	chr19	36224705	A	G
chr19:41743861:A:G	chr19	41743861	A	G
chr19:45854919:T:G	chr19	45854919	T	G
chr1:114948281:A:G	chr1	114948281	A	G
chr1:120611964:G:C	chr1	120611964	G	C
chr1:144852476:T:C	chr1	144852476	T	C
chr1:144853248:G:C	chr1	144853248	G	C
chr1:144854581:T:C	chr1	144854581	T	C
chr1:144854598:C:T	chr1	144854598	C	T
chr1:144854608:T:G	chr1	144854608	T	G
chr1:144863320:T:C	chr1	144863320	T	C
chr1:144865850:G:T	chr1	144865850	G	T
chr1:144866643:G:A	chr1	144866643	G	A
chr1:144871738:C:A	chr1	144871738	C	A
chr1:144871755:A:T	chr1	144871755	A	T
chr1:144871782:A:G	chr1	144871782	A	G
chr1:144874815:T:C	chr1	144874815	T	C
chr1:144877176:C:T	chr1	144877176	C	T
chr1:144879090:T:C	chr1	144879090	T	C
chr1:144879264:A:G	chr1	144879264	A	G
chr1:144879375:T:C	chr1	144879375	T	C
chr1:144879485:G:C	chr1	144879485	G	C
chr1:144880832:T:C	chr1	144880832	T	C
chr1:144882823:C:T	chr1	144882823	C	T
chr1:144886197:A:T	chr1	144886197	A	T
chr1:144906508:C:T	chr1	144906508	C	T
chr1:144912153:A:G	chr1	144912153	A	G
chr1:144912233:C:T	chr1	144912233	C	T
chr1:144916748:C:G	chr1	144916748	C	G
chr1:144917841:T:C	chr1	144917841	T	C
chr1:144918957:T:A	chr1	144918957	T	A
chr1:144922583:G:A	chr1	144922583	G	A
chr1:144930940:T:C	chr1	144930940	T	C
chr1:144931330:C:T	chr1	144931330	C	T
chr1:144931392:G:A	chr1	144931392	G	A
chr1:144931461:A:T	chr1	144931461	A	T
chr1:144952207:C:T	chr1	144952207	C	T
chr1:144952220:C:T	chr1	144952220	C	T
chr1:144952255:G:C	chr1	144952255	G	C
chr1:144994658:C:A	chr1	144994658	C	A
chr1:145021150:T:C	chr1	145021150	T	C
chr1:145075775:G:A	chr1	145075775	G	A
chr1:147091972:C:T	chr1	147091972	C	T
chr1:156830779:G:A	chr1	156830779	G	A
chr1:158619728:A:C	chr1	158619728	A	C
chr1:16256007:T:C	chr1	16256007	T	C
chr1:16259813:A:G	chr1	16259813	A	G
chr1:16262465:A:C	chr1	16262465	A	C
chr1:16262471:A:C	chr1	16262471	A	C
chr1:181759657:G:A	chr1	181759657	G	A
chr1:182551337:A:C	chr1	182551337	A	C
chr1:182554557:C:T	chr1	182554557	C	T
chr1:226555302:A:G	chr1	226555302	A	G
chr1:226570767:G:A	chr1	226570767	G	A
chr1:23885498:T:C	chr1	23885498	T	C
chr1:27023768:A:C	chr1	27023768	A	C
chr1:27023774:A:C	chr1	27023774	A	C
chr1:3328358:T:C	chr1	3328358	T	C
chr1:3328659:C:T	chr1	3328659	C	T
chr1:3334480:A:C	chr1	3334480	A	C
chr1:3334483:A:C	chr1	3334483	A	C
chr1:40363054:G:C	chr1	40363054	G	C
chr1:45797505:C:G	chr1	45797505	C	G
chr1:6184092:A:G	chr1	6184092	A	G
chr1:97981395:T:C	chr1	97981395	T	C
chr1:97981421:C:T	chr1	97981421	C	T
chr1:98348885:G:A	chr1	98348885	G	A
chr20:31022959:T:C	chr20	31022959	T	C
chr20:41818289:C:G	chr20	41818289	C	G
chr20:54961463:T:C	chr20	54961463	T	C
chr21:42879909:C:A	chr21	42879909	C	A
chr21:43510437:A:C	chr21	43510437	A	C
chr21:43531008:T:C	chr21	43531008	T	C
chr21:43531403:C:G	chr21	43531403	C	G
chr21:43531553:A:C	chr21	43531553	A	C
chr21:43531632:T:C	chr21	43531632	T	C
chr21:43531808:A:C	chr21	43531808	A	C
chr21:43539293:G:A	chr21	43539293	G	A
chr21:46314907:T:A	chr21	46314907	T	A
chr22:23627369:A:G	chr22	23627369	A	G
chr22:23654017:G:A	chr22	23654017	G	A
chr22:36688178:G:A	chr22	36688178	G	A
chr22:38370185:T:G	chr22	38370185	T	G
chr22:41548008:A:G	chr22	41548008	A	G
chr22:42522613:G:C	chr22	42522613	G	C
chr22:42523528:C:T	chr22	42523528	C	T
chr22:42523636:C:A	chr22	42523636	C	A
chr22:42523943:A:G	chr22	42523943	A	G
chr22:42525811:T:C	chr22	42525811	T	C
chr22:42525821:G:T	chr22	42525821	G	T
chr22:42526694:G:A	chr22	42526694	G	A
chr22:43206950:A:C	chr22	43206950	A	C
chr2:100210642:T:C	chr2	100210642	T	C
chr2:100343557:C:T	chr2	100343557	C	T
chr2:141116447:G:T	chr2	141116447	G	T
chr2:142567910:T:C	chr2	142567910	T	C
chr2:202122995:A:G	chr2	202122995	A	G
chr2:215595164:G:A	chr2	215595164	G	A
chr2:215632255:C:T	chr2	215632255	C	T
chr2:215645464:C:G	chr2	215645464	C	G
chr2:215674224:G:A	chr2	215674224	G	A
chr2:216235089:C:T	chr2	216235089	C	T
chr2:216272900:T:G	chr2	216272900	T	G
chr2:216300482:T:A	chr2	216300482	T	A
chr2:219553423:C:G	chr2	219553423	C	G
chr2:219555262:G:A	chr2	219555262	G	A
chr2:219562675:G:A	chr2	219562675	G	A
chr2:231149108:G:A	chr2	231149108	G	A
chr2:29416366:G:C	chr2	29416366	G	C
chr2:29416481:T:C	chr2	29416481	T	C
chr2:29416572:T:C	chr2	29416572	T	C
chr2:29455199:A:T	chr2	29455199	A	T
chr2:29497967:G:A	chr2	29497967	G	A
chr2:42510018:A:G	chr2	42510018	A	G
chr2:47601106:T:C	chr2	47601106	T	C
chr2:48010488:G:A	chr2	48010488	G	A
chr2:85529706:A:C	chr2	85529706	A	C
chr2:85529710:A:C	chr2	85529710	A	C
chr2:85529713:T:C	chr2	85529713	T	C
chr3:10088343:A:G	chr3	10088343	A	G
chr3:10106532:C:T	chr3	10106532	C	T
chr3:14187449:G:T	chr3	14187449	G	T
chr3:14199887:G:A	chr3	14199887	G	A
chr3:142178144:C:T	chr3	142178144	C	T
chr3:142188337:A:C	chr3	142188337	A	C
chr3:142281612:A:G	chr3	142281612	A	G
chr3:158320703:C:A	chr3	158320703	C	A
chr3:168840462:T:C	chr3	168840462	T	C
chr3:195594950:G:A	chr3	195594950	G	A
chr3:37574951:G:A	chr3	37574951	G	A
chr3:46480958:C:G	chr3	46480958	C	G
chr3:46487937:C:T	chr3	46487937	C	T
chr3:47125385:G:A	chr3	47125385	G	A
chr3:89521693:T:C	chr3	89521693	T	C
chr4:103518700:A:G	chr4	103518700	A	G
chr4:106196951:A:G	chr4	106196951	A	G
chr4:13601337:G:A	chr4	13601337	G	A
chr4:13606576:A:T	chr4	13606576	A	T
chr4:55139771:T:C	chr4	55139771	T	C
chr5:112176756:T:A	chr5	112176756	T	A
chr5:131396478:C:T	chr5	131396478	C	T
chr5:131925483:G:C	chr5	131925483	G	C
chr5:149784658:A:G	chr5	149784658	A	G
chr5:176516631:G:A	chr5	176516631	G	A
chr5:176517797:C:T	chr5	176517797	C	T
chr5:176520243:G:A	chr5	176520243	G	A
chr5:176520277:A:C	chr5	176520277	A	C
chr5:176520283:G:C	chr5	176520283	G	C
chr5:180030322:C:T	chr5	180030322	C	T
chr5:180045911:G:A	chr5	180045911	G	A
chr5:31515657:G:A	chr5	31515657	G	A
chr5:35861068:T:C	chr5	35861068	T	C
chr5:35871190:G:A	chr5	35871190	G	A
chr5:35874575:C:T	chr5	35874575	C	T
chr5:35876274:A:G	chr5	35876274	A	G
chr5:38955796:G:A	chr5	38955796	G	A
chr5:56177443:G:A	chr5	56177443	G	A
chr5:56177743:G:A	chr5	56177743	G	A
chr5:7870973:A:G	chr5	7870973	A	G
chr5:7885959:A:G	chr5	7885959	A	G
chr5:7897191:C:T	chr5	7897191	C	T
chr5:79950781:A:G	chr5	79950781	A	G
chr5:80149981:A:G	chr5	80149981	A	G
chr5:80168937:G:A	chr5	80168937	G	A
chr6:112382313:G:T	chr6	112382313	G	T
chr6:117725448:T:G	chr6	117725448	T	G
chr6:134583160:G:C	chr6	134583160	G	C
chr6:152443744:G:T	chr6	152443744	G	T
chr6:152453291:G:A	chr6	152453291	G	A
chr6:152540278:A:C	chr6	152540278	A	C
chr6:152647681:A:T	chr6	152647681	A	T
chr6:152652034:A:T	chr6	152652034	A	T
chr6:152658142:T:C	chr6	152658142	T	C
chr6:152665261:C:A	chr6	152665261	C	A
chr6:152772264:A:G	chr6	152772264	A	G
chr6:152784621:T:C	chr6	152784621	T	C
chr6:160494409:A:G	chr6	160494409	A	G
chr6:160505207:A:G	chr6	160505207	A	G
chr6:167271711:T:C	chr6	167271711	T	C
chr6:167271716:T:C	chr6	167271716	T	C
chr6:31133943:C:A	chr6	31133943	C	A
chr6:32170247:C:T	chr6	32170247	C	T
chr6:32188383:T:C	chr6	32188383	T	C
chr6:32188640:T:C	chr6	32188640	T	C
chr6:32190390:T:G	chr6	32190390	T	G
chr6:41903782:A:C	chr6	41903782	A	C
chr6:51875250:A:C	chr6	51875250	A	C
chr6:51890823:G:A	chr6	51890823	G	A
chr6:51914956:G:A	chr6	51914956	G	A
chr6:56373536:C:T	chr6	56373536	C	T
chr6:56417282:C:T	chr6	56417282	C	T
chr6:56417545:T:C	chr6	56417545	T	C
chr6:56463410:T:C	chr6	56463410	T	C
chr6:56482801:C:G	chr6	56482801	C	G
chr6:69666684:A:G	chr6	69666684	A	G
chr7:137600690:C:T	chr7	137600690	C	T
chr7:151927021:C:A	chr7	151927021	C	A
chr7:151927025:A:G	chr7	151927025	A	G
chr7:151932945:C:T	chr7	151932945	C	T
chr7:151935799:A:G	chr7	151935799	A	G
chr7:151935853:T:C	chr7	151935853	T	C
chr7:151935866:G:A	chr7	151935866	G	A
chr7:151935871:C:A	chr7	151935871	C	A
chr7:151945007:C:T	chr7	151945007	C	T
chr7:151945204:G:A	chr7	151945204	G	A
chr7:151945225:T:C	chr7	151945225	T	C
chr7:151970856:T:A	chr7	151970856	T	A
chr7:151970931:G:A	chr7	151970931	G	A
chr7:6026775:T:C	chr7	6026775	T	C
chr7:91630620:G:T	chr7	91630620	G	T
chr7:91712698:A:G	chr7	91712698	A	G
chr7:91714911:C:T	chr7	91714911	C	T
chr8:101608919:T:C	chr8	101608919	T	C
chr8:113277705:T:A	chr8	113277705	T	A
chr8:145737816:C:T	chr8	145737816	C	T
chr8:145741702:C:G	chr8	145741702	C	G
chr8:145742514:A:G	chr8	145742514	A	G
chr8:30921935:G:A	chr8	30921935	G	A
chr8:57078933:G:T	chr8	57078933	G	T
chr8:90990479:C:G	chr8	90990479	C	G
chr9:134020092:C:T	chr9	134020092	C	T
chr9:136004699:G:A	chr9	136004699	G	A
chr9:139400299:C:A	chr9	139400299	C	A
chr9:36840623:G:A	chr9	36840623	G	A
chr9:8497250:T:C	chr9	8497250	T	C
chr9:98209594:G:A	chr9	98209594	G	A
chrX:129147079:T:C	chrX	129147079	T	C
chrX:76937963:G:C	chrX	76937963	G	C
chr12:49424177:T:G	chr12	49424177	T	G
chr13:73349359:G:C	chr13	73349359	G	C
chr1:179078169:A:C	chr1	179078169	A	C
chr5:176520291:G:C	chr5	176520291	G	C
chr5:176520294:A:C	chr5	176520294	A	C
chr7:6013049:C:G	chr7	6013049	C	G
chr10:114925408:T:A	chr10	114925408	T	A
chr10:114925414:A:C	chr10	114925414	A	C
chr10:114925415:A:C	chr10	114925415	A	C
chr12:124826585:T:G	chr12	124826585	T	G
chr12:132445256:A:C	chr12	132445256	A	C
chr19:18272190:A:C	chr19	18272190	A	C
chr1:120611960:C:T	chr1	120611960	C	T
chr8:113241088:T:G	chr8	113241088	T	G
chr12:132445247:A:C	chr12	132445247	A	C
chr12:132446122:A:C	chr12	132446122	A	C
chr13:103527849:G:C	chr13	103527849	G	C
chr13:103527930:G:C	chr13	103527930	G	C
chr14:23777374:A:G	chr14	23777374	A	G
chr14:36988543:T:G	chr14	36988543	T	G
chr17:79479290:A:C	chr17	79479290	A	C
chr1:237024437:C:A	chr1	237024437	C	A
chr2:74274554:T:A	chr2	74274554	T	A
chr6:33289626:T:G	chr6	33289626	T	G
chr7:91694743:A:G	chr7	91694743	A	G
chr8:42128932:G:C	chr8	42128932	G	C
chr8:42128937:G:C	chr8	42128937	G	C
chrX:48887790:A:C	chrX	48887790	A	C
chr10:102891741:A:C	chr10	102891741	A	C
chr19:18879380:A:C	chr19	18879380	A	C
chr19:18879386:A:C	chr19	18879386	A	C
chr19:18879387:G:C	chr19	18879387	G	C
chr1:155161733:G:C	chr1	155161733	G	C
chr1:40366566:A:C	chr1	40366566	A	C
chr21:36164592:A:C	chr21	36164592	A	C
chr5:1279516:C:G	chr5	1279516	C	G
